{"client_meta":{"background_color":{"r":0.9607843160629272,"g":0.9607843160629272,"b":0.9607843160629272,"a":1},"thumbnail_size":{"width":400,"height":297},"render_coordinates":{"x":-54,"y":-604,"width":4081,"height":3032}},"file_name":"Макет №2. Арокен"}